id;logradouro;complemento;bairro;cidade;estado;cep
1;customized Small Practical;Officer Personal Loan Account online;Applications Canyon;USB;AP;back-end Chair black
2;Estate mobile;indexing;circuit;Cotton;AL;Checking Account Plastic quantifying
3;Response deposit;Handcrafted cross-platform;Investment Account;Handmade Investor Corporate;AC;Belize magenta Intelligent
4;markets bypass;transmit;Manager Bacon North Dakota;Concrete;AL;visualize GB
5;dynamic calculate reinvent;Gorgeous Wooden Car Stand-alone interactive;Streets;Centralized Circle;CE;Principal RSS XML
6;magenta mobile Gibraltar Pound;Maryland;Personal Loan Account;back up Lock;AP;Granite Path
7;proactive Salad Creative;Buckinghamshire Architect reciprocal;Rustic Kids black;Netherlands Antilles Chair;BA;Secured Sleek Steel Table orange
8;Towels Philippine Peso;monitoring;Handmade;Applications Configurable purple;CE;bypassing COM
9;Cambridgeshire;National deposit transmitting;calculating Fresh;Central Mobility Checking Account;BA;generate SSL expedite
10;hacking;deposit;deposit;synergize intermediate Route;DF;Fish application
