id;ddd;numero
1;Factors Uzbekistan Sum Outdoors;CSS Checking Account
2;wireless Dynamic Incredible Fresh Pizza;Developer Auto Loan Account
3;Danish Krone;Isle withdrawal
4;Bedfordshire Data;Bedfordshire Money Market Account robust
5;markets SMS;JBOD Small Soft Keyboard Generic Granite Pizza
6;input overriding Specialist;salmon Personal Loan Account
7;Object-based;users quantifying
8;vortals;capability Programmable ubiquitous
9;Gorgeous;User-friendly Marketing
10;eyeballs Lilangeni;Malawi Kentucky Gorgeous Concrete Bacon
